,datetime,open,high,low,close,volume
0,2021-01-04 05:00:00+00:00,133.52,133.6116,126.76,129.41,158211374.0
1,2021-01-05 05:00:00+00:00,128.89,131.74,128.43,131.01,105863439.0
2,2021-01-06 05:00:00+00:00,127.72,131.0499,126.382,126.66,165568781.0
3,2021-01-07 05:00:00+00:00,128.36,131.63,127.86,130.92,118743769.0
4,2021-01-08 05:00:00+00:00,132.43,132.63,130.23,132.05,112696090.0
5,2021-01-11 05:00:00+00:00,129.19,130.17,128.5,128.98,110450551.0
6,2021-01-12 05:00:00+00:00,128.5,129.69,126.86,128.8,97558551.0
7,2021-01-13 05:00:00+00:00,128.76,131.45,128.49,130.89,96442760.0
8,2021-01-14 05:00:00+00:00,130.8,131.0,128.76,128.91,97691724.0
9,2021-01-15 05:00:00+00:00,128.83,130.2242,127.0,127.14,128048933.0
10,2021-01-19 05:00:00+00:00,127.78,128.71,126.938,127.83,98953322.0
11,2021-01-20 05:00:00+00:00,128.66,132.49,128.55,132.03,113947702.0
12,2021-01-21 05:00:00+00:00,133.8,139.67,133.59,136.87,127940803.0
13,2021-01-22 05:00:00+00:00,136.28,139.85,135.02,139.07,121203430.0
14,2021-01-25 05:00:00+00:00,143.07,145.09,136.54,142.92,164986731.0
15,2021-01-26 05:00:00+00:00,143.6,144.3,141.37,143.16,103714054.0
16,2021-01-27 05:00:00+00:00,143.43,144.3,140.41,142.06,152725672.0
17,2021-01-28 05:00:00+00:00,139.52,141.99,136.7,137.09,152449730.0
18,2021-01-29 05:00:00+00:00,135.83,136.74,130.21,131.96,187694057.0
19,2021-02-01 05:00:00+00:00,133.75,135.38,130.93,134.1,114159323.0
20,2021-02-02 05:00:00+00:00,135.73,136.31,134.61,134.99,89799845.0
21,2021-02-03 05:00:00+00:00,135.76,135.77,133.61,133.94,96429152.0
22,2021-02-04 05:00:00+00:00,136.3,137.4,134.59,137.39,90780419.0
23,2021-02-05 05:00:00+00:00,137.35,137.42,135.86,136.76,80015037.0
24,2021-02-08 05:00:00+00:00,136.03,136.96,134.92,136.91,76760213.0
25,2021-02-09 05:00:00+00:00,136.62,137.877,135.85,136.01,81202869.0
26,2021-02-10 05:00:00+00:00,136.48,136.99,134.4,135.39,77577773.0
27,2021-02-11 05:00:00+00:00,135.9,136.39,133.77,135.13,68440629.0
28,2021-02-12 05:00:00+00:00,134.34,135.53,133.6921,135.37,65213313.0
29,2021-02-16 05:00:00+00:00,135.46,136.01,132.79,133.19,86485313.0
30,2021-02-17 05:00:00+00:00,131.25,132.22,129.47,130.84,103369066.0
31,2021-02-18 05:00:00+00:00,129.2,129.995,127.41,129.71,102110455.0
32,2021-02-19 05:00:00+00:00,130.24,130.71,128.8,129.87,95894715.0
33,2021-02-22 05:00:00+00:00,128.01,129.72,125.6,126.0,111809173.0
34,2021-02-23 05:00:00+00:00,123.76,126.71,118.39,125.86,164346364.0
35,2021-02-24 05:00:00+00:00,124.94,125.56,122.23,125.35,117486364.0
36,2021-02-25 05:00:00+00:00,124.68,126.4585,120.54,121.0,156694180.0
37,2021-02-26 05:00:00+00:00,122.58,124.85,121.2,121.26,182034189.0
38,2021-03-01 05:00:00+00:00,123.75,127.93,122.79,127.79,125589785.0
39,2021-03-02 05:00:00+00:00,128.4,128.72,125.01,125.12,109652943.0
40,2021-03-03 05:00:00+00:00,124.81,125.71,121.84,122.06,121248253.0
41,2021-03-04 05:00:00+00:00,121.75,123.6,118.62,120.13,185434303.0
42,2021-03-05 05:00:00+00:00,120.98,121.935,117.57,121.42,161638253.0
43,2021-03-08 05:00:00+00:00,120.93,121.0,116.21,116.36,163528340.0
44,2021-03-09 05:00:00+00:00,119.03,122.06,118.79,121.085,140118332.0
45,2021-03-10 05:00:00+00:00,121.69,122.17,119.45,119.98,117237978.0
46,2021-03-11 05:00:00+00:00,122.54,123.21,121.26,121.96,110029338.0
47,2021-03-12 05:00:00+00:00,120.4,121.17,119.16,121.05,92882164.0
48,2021-03-15 04:00:00+00:00,121.41,124.0,120.42,123.99,101152740.0
49,2021-03-16 04:00:00+00:00,125.7,127.22,124.715,125.57,120079103.0
50,2021-03-17 04:00:00+00:00,124.05,125.8599,122.336,124.76,119061026.0
51,2021-03-18 04:00:00+00:00,122.88,123.18,120.32,120.53,131210927.0
52,2021-03-19 04:00:00+00:00,119.9,121.43,119.675,119.99,240162615.0
53,2021-03-22 04:00:00+00:00,120.33,123.87,120.26,123.39,122779025.0
54,2021-03-23 04:00:00+00:00,123.33,124.24,122.14,122.54,103620192.0
55,2021-03-24 04:00:00+00:00,122.82,122.9,120.065,120.09,94149863.0
56,2021-03-25 04:00:00+00:00,119.54,121.66,119.0,120.59,105125706.0
57,2021-03-26 04:00:00+00:00,120.35,121.48,118.92,121.21,100931995.0
58,2021-03-29 04:00:00+00:00,121.65,122.58,120.7299,121.39,86216952.0
59,2021-03-30 04:00:00+00:00,120.11,120.4031,118.86,119.9,91640500.0
60,2021-03-31 04:00:00+00:00,121.65,123.52,121.15,122.15,133199283.0
61,2021-04-01 04:00:00+00:00,123.66,124.18,122.49,123.0,80479798.0
62,2021-04-05 04:00:00+00:00,123.87,126.1601,123.07,125.9,94661534.0
63,2021-04-06 04:00:00+00:00,126.5,127.13,125.65,126.21,86151139.0
64,2021-04-07 04:00:00+00:00,125.83,127.92,125.14,127.9,88153365.0
65,2021-04-08 04:00:00+00:00,128.95,130.39,128.52,130.36,95035670.0
66,2021-04-09 04:00:00+00:00,129.8,133.04,129.47,132.995,112957134.0
67,2021-04-12 04:00:00+00:00,132.52,132.85,130.63,131.24,92576672.0
68,2021-04-13 04:00:00+00:00,132.44,134.66,131.93,134.43,92369073.0
69,2021-04-14 04:00:00+00:00,134.94,135.0,131.655,132.03,93010442.0
70,2021-04-15 04:00:00+00:00,133.82,135.0,133.64,134.5,90094951.0
71,2021-04-16 04:00:00+00:00,134.3,134.67,133.28,134.16,84805117.0
72,2021-04-19 04:00:00+00:00,133.51,135.47,133.34,134.84,94957774.0
73,2021-04-20 04:00:00+00:00,135.06,135.53,131.81,133.11,95538041.0
74,2021-04-21 04:00:00+00:00,132.36,133.75,131.3001,133.5,69552331.0
75,2021-04-22 04:00:00+00:00,133.04,134.15,131.41,131.94,89780577.0
76,2021-04-23 04:00:00+00:00,132.16,135.12,132.16,134.32,84888565.0
77,2021-04-26 04:00:00+00:00,134.83,135.06,133.56,134.72,73315093.0
78,2021-04-27 04:00:00+00:00,135.01,135.41,134.11,134.39,70356442.0
79,2021-04-28 04:00:00+00:00,134.31,135.02,133.08,133.58,111769456.0
80,2021-04-29 04:00:00+00:00,136.47,137.07,132.45,133.48,157181673.0
81,2021-04-30 04:00:00+00:00,131.78,133.56,131.065,131.46,118162269.0
82,2021-05-03 04:00:00+00:00,132.04,134.07,131.83,132.54,79773508.0
83,2021-05-04 04:00:00+00:00,131.19,131.4899,126.7,127.85,146034858.0
84,2021-05-05 04:00:00+00:00,129.2,130.45,127.97,128.1,88488165.0
85,2021-05-06 04:00:00+00:00,127.89,129.75,127.13,129.74,78807021.0
86,2021-05-07 04:00:00+00:00,130.85,131.2582,129.475,130.21,85342759.0
87,2021-05-10 04:00:00+00:00,129.41,129.54,126.81,126.85,88933496.0
88,2021-05-11 04:00:00+00:00,123.5,126.27,122.77,125.91,133807591.0
89,2021-05-12 04:00:00+00:00,123.4,124.64,122.25,122.77,113210244.0
90,2021-05-13 04:00:00+00:00,124.58,126.15,124.26,124.97,107081045.0
91,2021-05-14 04:00:00+00:00,126.25,127.89,125.85,127.45,90601277.0
92,2021-05-17 04:00:00+00:00,126.82,126.93,125.17,126.27,80528553.0
93,2021-05-18 04:00:00+00:00,126.56,126.99,124.78,124.85,69129296.0
94,2021-05-19 04:00:00+00:00,123.16,124.915,122.86,124.69,100433484.0
95,2021-05-20 04:00:00+00:00,125.23,127.72,125.1,127.31,83448984.0
96,2021-05-21 04:00:00+00:00,127.82,128.0,125.21,125.43,86829353.0
97,2021-05-24 04:00:00+00:00,126.01,127.94,125.94,127.1,69927211.0
98,2021-05-25 04:00:00+00:00,127.82,128.32,126.32,126.9,77303825.0
99,2021-05-26 04:00:00+00:00,126.955,127.39,126.42,126.85,61288510.0
100,2021-05-27 04:00:00+00:00,126.44,127.64,125.08,125.28,116578783.0
101,2021-05-28 04:00:00+00:00,125.57,125.8,124.55,124.61,78072288.0
102,2021-06-01 04:00:00+00:00,125.08,125.35,123.94,124.28,72144570.0
103,2021-06-02 04:00:00+00:00,124.28,125.24,124.05,125.06,63368854.0
104,2021-06-03 04:00:00+00:00,124.68,124.85,123.13,123.54,81403526.0
105,2021-06-04 04:00:00+00:00,124.07,126.16,123.85,125.89,81427937.0
106,2021-06-07 04:00:00+00:00,126.17,126.32,124.8321,125.9,76175714.0
107,2021-06-08 04:00:00+00:00,126.6,128.46,126.2101,126.74,79189096.0
108,2021-06-09 04:00:00+00:00,127.21,127.75,126.52,127.13,64315610.0
109,2021-06-10 04:00:00+00:00,127.02,128.19,125.94,126.11,76816859.0
110,2021-06-11 04:00:00+00:00,126.53,127.44,126.1,127.35,58688119.0
111,2021-06-14 04:00:00+00:00,127.82,130.54,127.07,130.48,110988351.0
112,2021-06-15 04:00:00+00:00,129.945,130.6,129.39,129.64,68883859.0
113,2021-06-16 04:00:00+00:00,130.37,130.89,128.461,130.15,100286328.0
114,2021-06-17 04:00:00+00:00,129.8,132.55,129.65,131.79,107585192.0
115,2021-06-18 04:00:00+00:00,130.71,131.51,130.24,130.46,136408062.0
116,2021-06-21 04:00:00+00:00,130.3,132.41,129.21,132.3,90375931.0
117,2021-06-22 04:00:00+00:00,132.13,134.08,131.62,133.98,84509149.0
118,2021-06-23 04:00:00+00:00,133.77,134.32,133.23,133.7,64616230.0
119,2021-06-24 04:00:00+00:00,134.45,134.64,132.93,133.41,75815074.0
120,2021-06-25 04:00:00+00:00,133.46,133.89,132.81,133.11,88371762.0
121,2021-06-28 04:00:00+00:00,133.41,135.245,133.35,134.78,68112075.0
122,2021-06-29 04:00:00+00:00,134.8,136.49,134.35,136.33,68372177.0
123,2021-06-30 04:00:00+00:00,136.17,137.41,135.87,136.96,71377665.0
124,2021-07-01 04:00:00+00:00,136.6,137.33,135.76,137.27,56342229.0
125,2021-07-02 04:00:00+00:00,137.9,140.0,137.745,139.96,84970248.0
126,2021-07-06 04:00:00+00:00,140.07,143.15,140.07,142.02,114619239.0
127,2021-07-07 04:00:00+00:00,143.535,144.89,142.66,144.57,111746230.0
128,2021-07-08 04:00:00+00:00,141.58,144.06,140.665,143.24,112773322.0
129,2021-07-09 04:00:00+00:00,142.74,145.65,142.6522,145.11,106619809.0
130,2021-07-12 04:00:00+00:00,146.21,146.32,144.0,144.5,83066841.0
131,2021-07-13 04:00:00+00:00,144.03,147.46,143.63,145.64,104907532.0
132,2021-07-14 04:00:00+00:00,148.1,149.57,147.68,149.15,133484459.0
133,2021-07-15 04:00:00+00:00,149.24,150.0,147.09,148.48,112350124.0
134,2021-07-16 04:00:00+00:00,148.46,149.76,145.88,146.39,99273558.0
135,2021-07-19 04:00:00+00:00,143.75,144.07,141.67,142.45,128811485.0
136,2021-07-20 04:00:00+00:00,143.46,147.0997,142.96,146.15,105145185.0
137,2021-07-21 04:00:00+00:00,145.53,146.13,144.63,145.4,80366794.0
138,2021-07-22 04:00:00+00:00,145.935,148.195,145.81,146.8,81182010.0
139,2021-07-23 04:00:00+00:00,147.55,148.7177,146.92,148.56,75925274.0
140,2021-07-26 04:00:00+00:00,148.27,149.83,147.7,148.99,79498730.0
141,2021-07-27 04:00:00+00:00,149.12,149.21,145.55,146.77,111483119.0
142,2021-07-28 04:00:00+00:00,144.81,146.97,142.54,144.98,122965718.0
143,2021-07-29 04:00:00+00:00,144.685,146.55,144.58,145.64,60694970.0
144,2021-07-30 04:00:00+00:00,144.38,146.33,144.11,145.86,77054702.0
145,2021-08-02 04:00:00+00:00,146.36,146.95,145.25,145.52,65875193.0
146,2021-08-03 04:00:00+00:00,145.81,148.045,145.18,147.36,68792157.0
147,2021-08-04 04:00:00+00:00,147.27,147.79,146.28,146.95,60997440.0
148,2021-08-05 04:00:00+00:00,146.98,147.84,146.17,147.06,49379114.0
149,2021-08-06 04:00:00+00:00,146.35,147.11,145.63,146.14,59280265.0
150,2021-08-09 04:00:00+00:00,146.2,146.7,145.52,146.09,52679515.0
151,2021-08-10 04:00:00+00:00,146.44,147.71,145.3,145.6,76706864.0
152,2021-08-11 04:00:00+00:00,146.05,146.72,145.53,145.86,51503841.0
153,2021-08-12 04:00:00+00:00,146.19,149.05,145.84,148.89,79314067.0
154,2021-08-13 04:00:00+00:00,148.97,149.4444,148.27,149.1,62684839.0
155,2021-08-16 04:00:00+00:00,148.535,151.19,146.47,151.12,108408089.0
156,2021-08-17 04:00:00+00:00,150.23,151.68,149.09,150.19,97169154.0
157,2021-08-18 04:00:00+00:00,149.8,150.72,146.15,146.36,91837037.0
158,2021-08-19 04:00:00+00:00,145.03,148.0,144.5,146.7,91195765.0
159,2021-08-20 04:00:00+00:00,147.44,148.5,146.78,148.19,66952609.0
160,2021-08-23 04:00:00+00:00,148.31,150.19,147.89,149.71,64886166.0
161,2021-08-24 04:00:00+00:00,149.45,150.86,149.15,149.62,51333221.0
162,2021-08-25 04:00:00+00:00,149.81,150.32,147.8,148.36,63460356.0
163,2021-08-26 04:00:00+00:00,148.35,149.12,147.51,147.54,51813743.0
164,2021-08-27 04:00:00+00:00,147.48,148.75,146.83,148.6,61524446.0
165,2021-08-30 04:00:00+00:00,149.0,153.49,148.61,153.12,95242745.0
166,2021-08-31 04:00:00+00:00,152.66,152.8,151.29,151.83,99800695.0
167,2021-09-01 04:00:00+00:00,152.83,154.98,152.34,152.51,85467867.0
168,2021-09-02 04:00:00+00:00,153.87,154.72,152.4,153.65,76171528.0
169,2021-09-03 04:00:00+00:00,153.76,154.63,153.09,154.3,61945980.0
170,2021-09-07 04:00:00+00:00,154.97,157.26,154.39,156.69,87089441.0
171,2021-09-08 04:00:00+00:00,156.98,157.04,153.975,155.11,78745932.0
172,2021-09-09 04:00:00+00:00,155.49,156.11,153.95,154.07,60749773.0
173,2021-09-10 04:00:00+00:00,155.0,155.48,148.7,148.97,145633564.0
174,2021-09-13 04:00:00+00:00,150.63,151.42,148.75,149.55,108978559.0
175,2021-09-14 04:00:00+00:00,150.35,151.07,146.91,148.12,116555193.0
176,2021-09-15 04:00:00+00:00,148.56,149.44,146.37,149.03,90480232.0
177,2021-09-16 04:00:00+00:00,148.44,148.97,147.221,148.79,73991494.0
178,2021-09-17 04:00:00+00:00,148.82,148.82,145.76,146.06,157363379.0
179,2021-09-20 04:00:00+00:00,143.8,144.84,141.27,142.94,132862932.0
180,2021-09-21 04:00:00+00:00,143.93,144.6,142.78,143.43,80978520.0
181,2021-09-22 04:00:00+00:00,144.45,146.43,143.7001,145.85,83396381.0
182,2021-09-23 04:00:00+00:00,146.65,147.08,145.64,146.83,69827190.0
183,2021-09-24 04:00:00+00:00,145.66,147.4701,145.56,146.92,57892722.0
184,2021-09-27 04:00:00+00:00,145.47,145.96,143.82,145.37,81180642.0
185,2021-09-28 04:00:00+00:00,143.25,144.75,141.69,141.91,122884569.0
186,2021-09-29 04:00:00+00:00,142.47,144.45,142.03,142.83,79882926.0
187,2021-09-30 04:00:00+00:00,143.66,144.378,141.28,141.5,97495265.0
188,2021-10-01 04:00:00+00:00,141.9,142.92,139.1101,142.65,102369995.0
189,2021-10-04 04:00:00+00:00,141.76,142.21,138.27,139.14,107234871.0
190,2021-10-05 04:00:00+00:00,139.49,142.24,139.36,141.11,87278742.0
191,2021-10-06 04:00:00+00:00,139.47,142.15,138.37,142.0,88503163.0
192,2021-10-07 04:00:00+00:00,143.06,144.215,142.72,143.29,66148653.0
193,2021-10-08 04:00:00+00:00,144.03,144.1781,142.56,142.9,64052249.0
194,2021-10-11 04:00:00+00:00,142.27,144.81,141.81,142.81,70311992.0
195,2021-10-12 04:00:00+00:00,143.23,143.25,141.0401,141.51,80765444.0
196,2021-10-13 04:00:00+00:00,141.235,141.4,139.2,140.91,86222197.0
197,2021-10-14 04:00:00+00:00,142.11,143.88,141.51,143.76,76265709.0
198,2021-10-15 04:00:00+00:00,143.77,144.895,143.51,144.84,76128380.0
199,2021-10-18 04:00:00+00:00,143.445,146.84,143.16,146.55,93988578.0
200,2021-10-19 04:00:00+00:00,147.01,149.17,146.55,148.76,80273103.0
201,2021-10-20 04:00:00+00:00,148.7,149.7539,148.12,149.26,62144859.0
202,2021-10-21 04:00:00+00:00,148.81,149.64,147.87,149.48,65021325.0
203,2021-10-22 04:00:00+00:00,149.69,150.18,148.64,148.69,62350286.0
204,2021-10-25 04:00:00+00:00,148.68,149.37,147.6211,148.64,55246619.0
205,2021-10-26 04:00:00+00:00,149.33,150.84,149.0101,149.32,65096132.0
206,2021-10-27 04:00:00+00:00,149.36,149.73,148.49,148.85,63423785.0
207,2021-10-28 04:00:00+00:00,149.82,153.165,149.72,152.57,107431920.0
208,2021-10-29 04:00:00+00:00,147.215,149.94,146.4128,149.8,134048773.0
209,2021-11-01 04:00:00+00:00,148.985,149.7,147.8,148.96,81970123.0
210,2021-11-02 04:00:00+00:00,148.66,151.57,148.65,150.02,74553598.0
211,2021-11-03 04:00:00+00:00,150.39,151.97,149.82,151.49,61259570.0
212,2021-11-04 04:00:00+00:00,151.58,152.43,150.64,150.96,68779002.0
213,2021-11-05 04:00:00+00:00,151.89,152.2,150.06,151.28,73859033.0
214,2021-11-08 05:00:00+00:00,151.41,151.57,150.16,150.44,59097917.0
215,2021-11-09 05:00:00+00:00,150.2,151.428,150.0601,150.81,63603083.0
216,2021-11-10 05:00:00+00:00,150.02,150.13,147.85,147.92,71709504.0
217,2021-11-11 05:00:00+00:00,148.96,149.43,147.681,147.87,45185257.0
218,2021-11-12 05:00:00+00:00,148.43,150.4,147.48,149.99,68760172.0
219,2021-11-15 05:00:00+00:00,150.37,151.88,149.43,150.0,65550348.0
220,2021-11-16 05:00:00+00:00,149.94,151.488,149.34,151.0,66930120.0
221,2021-11-17 05:00:00+00:00,150.995,155.0,150.99,153.49,94580869.0
222,2021-11-18 05:00:00+00:00,153.71,158.67,153.05,157.87,147157866.0
223,2021-11-19 05:00:00+00:00,157.65,161.02,156.5328,160.55,125740737.0
224,2021-11-22 05:00:00+00:00,161.68,165.7,161.0,161.02,123251286.0
225,2021-11-23 05:00:00+00:00,161.12,161.8,159.0601,161.41,102409571.0
226,2021-11-24 05:00:00+00:00,160.75,162.14,159.64,161.94,73246402.0
227,2021-11-26 05:00:00+00:00,159.565,160.45,156.36,156.81,84436757.0
228,2021-11-29 05:00:00+00:00,159.37,161.19,158.7901,160.24,96719742.0
229,2021-11-30 05:00:00+00:00,159.985,165.52,159.92,165.3,195855642.0
230,2021-12-01 05:00:00+00:00,167.48,170.3,164.53,164.77,159673210.0
231,2021-12-02 05:00:00+00:00,158.735,164.2,157.8,163.76,146467308.0
232,2021-12-03 05:00:00+00:00,164.02,164.96,159.72,161.84,128515972.0
233,2021-12-06 05:00:00+00:00,164.29,167.8799,164.28,165.32,119733556.0
234,2021-12-07 05:00:00+00:00,169.08,171.58,168.34,171.18,130195598.0
235,2021-12-08 05:00:00+00:00,172.125,175.96,170.7,175.08,124936327.0
236,2021-12-09 05:00:00+00:00,174.91,176.75,173.92,174.56,117745264.0
237,2021-12-10 05:00:00+00:00,175.205,179.63,174.69,179.45,123831479.0
238,2021-12-13 05:00:00+00:00,181.115,182.13,175.53,175.74,163487839.0
239,2021-12-14 05:00:00+00:00,175.25,177.74,172.21,174.33,152677047.0
240,2021-12-15 05:00:00+00:00,175.11,179.5,172.3108,179.3,140881038.0
241,2021-12-16 05:00:00+00:00,179.28,181.14,170.75,172.26,160390140.0
242,2021-12-17 05:00:00+00:00,169.93,173.47,169.69,171.14,251869214.0
243,2021-12-20 05:00:00+00:00,168.28,170.58,167.46,169.75,115492992.0
244,2021-12-21 05:00:00+00:00,171.55,173.2,169.12,172.99,97588280.0
245,2021-12-22 05:00:00+00:00,173.04,175.86,172.15,175.64,98498276.0
246,2021-12-23 05:00:00+00:00,175.85,176.8499,175.27,176.28,73416739.0
247,2021-12-27 05:00:00+00:00,177.085,180.42,177.07,180.33,80302069.0
248,2021-12-28 05:00:00+00:00,180.16,181.33,178.53,179.29,83078270.0
249,2021-12-29 05:00:00+00:00,179.33,180.63,178.14,179.38,66315539.0
250,2021-12-30 05:00:00+00:00,179.47,180.57,178.09,178.2,62427102.0
251,2021-12-31 05:00:00+00:00,178.085,179.23,177.26,177.57,70855810.0
252,2022-01-03 05:00:00+00:00,177.83,182.88,177.71,182.01,112486091.0
253,2022-01-04 05:00:00+00:00,182.64,182.94,179.12,179.7,106090378.0
254,2022-01-05 05:00:00+00:00,179.61,180.17,174.64,174.92,95142198.0
255,2022-01-06 05:00:00+00:00,172.7,175.3,171.64,172.0,103899632.0
256,2022-01-07 05:00:00+00:00,172.89,174.14,171.03,172.17,94554334.0
257,2022-01-10 05:00:00+00:00,169.08,172.5,168.17,172.19,117005143.0
258,2022-01-11 05:00:00+00:00,172.32,175.18,170.82,175.08,82100070.0
259,2022-01-12 05:00:00+00:00,176.12,177.18,174.82,175.53,79502421.0
260,2022-01-13 05:00:00+00:00,175.79,176.62,171.79,172.19,92057866.0
261,2022-01-14 05:00:00+00:00,171.34,173.78,171.09,173.07,87780214.0
262,2022-01-18 05:00:00+00:00,171.51,172.54,169.405,169.8,102183802.0
263,2022-01-19 05:00:00+00:00,170.0,171.08,165.94,166.23,101688620.0
264,2022-01-20 05:00:00+00:00,166.98,169.68,164.18,164.51,96630645.0
265,2022-01-21 05:00:00+00:00,164.415,166.33,162.3,162.41,135494794.0
266,2022-01-24 05:00:00+00:00,160.02,162.3,154.7,161.62,175317276.0
267,2022-01-25 05:00:00+00:00,158.98,162.76,157.02,159.78,125389277.0
268,2022-01-26 05:00:00+00:00,163.5,164.3894,157.82,159.69,116338085.0
269,2022-01-27 05:00:00+00:00,162.45,163.84,158.28,159.22,127009128.0
270,2022-01-28 05:00:00+00:00,165.71,170.35,162.8,170.33,189144340.0
271,2022-01-31 05:00:00+00:00,170.16,175.0,169.51,174.78,129780591.0
272,2022-02-01 05:00:00+00:00,174.01,174.84,172.31,174.61,93258667.0
273,2022-02-02 05:00:00+00:00,174.745,175.88,173.33,175.84,91306986.0
274,2022-02-03 05:00:00+00:00,174.48,176.2399,172.12,172.9,101382628.0
275,2022-02-04 05:00:00+00:00,171.68,174.1,170.68,172.39,88456689.0
276,2022-02-07 05:00:00+00:00,172.86,173.9458,170.95,171.66,83181695.0
277,2022-02-08 05:00:00+00:00,171.73,175.35,171.43,174.83,80979959.0
278,2022-02-09 05:00:00+00:00,176.05,176.65,174.9,176.28,78287149.0
279,2022-02-10 05:00:00+00:00,174.14,175.48,171.55,172.12,99694816.0
280,2022-02-11 05:00:00+00:00,172.33,173.08,168.04,168.64,106268657.0
281,2022-02-14 05:00:00+00:00,167.37,169.58,166.56,168.88,98885501.0
282,2022-02-15 05:00:00+00:00,170.97,172.95,170.25,172.79,71066887.0
283,2022-02-16 05:00:00+00:00,171.85,173.34,170.05,172.55,66147855.0
284,2022-02-17 05:00:00+00:00,171.03,171.91,168.47,168.88,78321659.0
285,2022-02-18 05:00:00+00:00,169.82,170.5413,166.19,167.3,92631965.0
286,2022-02-22 05:00:00+00:00,164.98,166.69,162.15,164.32,98811382.0
287,2022-02-23 05:00:00+00:00,165.54,166.15,159.75,160.24,98884474.0
288,2022-02-24 05:00:00+00:00,152.58,162.85,152.0,162.51,155570846.0
289,2022-02-25 05:00:00+00:00,163.84,165.12,160.8738,164.85,97758401.0
290,2022-02-28 05:00:00+00:00,163.06,165.42,162.43,165.12,108908921.0
291,2022-03-01 05:00:00+00:00,164.695,166.6,161.97,163.2,90604732.0
292,2022-03-02 05:00:00+00:00,164.39,167.36,162.95,166.56,88692844.0
293,2022-03-03 05:00:00+00:00,168.47,168.91,165.55,166.23,82418843.0
294,2022-03-04 05:00:00+00:00,164.49,165.55,162.1,163.17,91169381.0
295,2022-03-07 05:00:00+00:00,163.36,165.02,159.04,159.3,107385155.0
296,2022-03-08 05:00:00+00:00,158.82,162.88,155.8,157.44,140524583.0
297,2022-03-09 05:00:00+00:00,161.475,163.41,159.41,162.95,100505467.0
298,2022-03-10 05:00:00+00:00,160.2,160.39,155.98,158.52,114471979.0
299,2022-03-11 05:00:00+00:00,158.93,159.28,154.5,154.73,105127762.0
300,2022-03-14 04:00:00+00:00,151.45,154.12,150.1,150.62,118311989.0
301,2022-03-15 04:00:00+00:00,150.9,155.57,150.38,155.09,104410428.0
302,2022-03-16 04:00:00+00:00,157.05,160.0,154.46,159.59,112719986.0
303,2022-03-17 04:00:00+00:00,158.61,161.0,157.63,160.62,85152570.0
304,2022-03-18 04:00:00+00:00,160.51,164.48,159.76,163.98,159428842.0
305,2022-03-21 04:00:00+00:00,163.51,166.35,163.015,165.38,105787821.0
306,2022-03-22 04:00:00+00:00,165.51,169.42,164.91,168.82,89161727.0
307,2022-03-23 04:00:00+00:00,167.99,172.64,167.65,170.21,106073373.0
308,2022-03-24 04:00:00+00:00,171.06,174.14,170.21,174.07,97014668.0
309,2022-03-25 04:00:00+00:00,173.88,175.28,172.75,174.72,85692924.0
310,2022-03-28 04:00:00+00:00,172.17,175.73,172.0,175.6,97532618.0
311,2022-03-29 04:00:00+00:00,176.69,179.01,176.34,178.96,109295753.0
312,2022-03-30 04:00:00+00:00,178.55,179.61,176.7,177.77,100735340.0
313,2022-03-31 04:00:00+00:00,177.84,178.03,174.4,174.61,120024146.0
314,2022-04-01 04:00:00+00:00,174.03,174.88,171.94,174.31,85355694.0
315,2022-04-04 04:00:00+00:00,174.57,178.49,174.44,178.44,82875862.0
316,2022-04-05 04:00:00+00:00,177.5,178.3,174.415,175.06,79568643.0
317,2022-04-06 04:00:00+00:00,172.36,173.63,170.13,171.83,90320928.0
318,2022-04-07 04:00:00+00:00,171.16,173.36,169.85,172.14,78193123.0
319,2022-04-08 04:00:00+00:00,171.78,171.78,169.2,170.09,82763655.0
320,2022-04-11 04:00:00+00:00,168.71,169.03,165.5,165.75,73137070.0
321,2022-04-12 04:00:00+00:00,168.02,169.87,166.64,167.66,83662778.0
322,2022-04-13 04:00:00+00:00,167.39,171.04,166.77,170.4,76146104.0
323,2022-04-14 04:00:00+00:00,170.62,171.27,165.04,165.29,84603285.0
324,2022-04-18 04:00:00+00:00,163.92,166.5984,163.57,165.07,74493604.0
325,2022-04-19 04:00:00+00:00,165.02,167.82,163.91,167.4,75240221.0
326,2022-04-20 04:00:00+00:00,168.76,168.88,166.1,167.23,73954306.0
327,2022-04-21 04:00:00+00:00,168.91,171.53,165.91,166.42,93153701.0
328,2022-04-22 04:00:00+00:00,166.46,167.8699,161.5,161.79,93535037.0
329,2022-04-25 04:00:00+00:00,161.12,163.17,158.46,162.88,103208936.0
330,2022-04-26 04:00:00+00:00,162.25,162.34,156.72,156.8,103931474.0
331,2022-04-27 04:00:00+00:00,155.91,159.79,155.38,156.57,93914037.0
332,2022-04-28 04:00:00+00:00,159.25,164.515,158.93,163.64,137705209.0
333,2022-04-29 04:00:00+00:00,161.84,166.2,157.25,157.65,145654913.0
334,2022-05-02 04:00:00+00:00,156.71,158.23,153.27,157.96,131337354.0
335,2022-05-03 04:00:00+00:00,158.15,160.71,156.32,159.48,93684416.0
336,2022-05-04 04:00:00+00:00,159.67,166.48,159.26,166.02,114719225.0
337,2022-05-05 04:00:00+00:00,163.85,164.08,154.95,156.77,142675572.0
338,2022-05-06 04:00:00+00:00,156.01,159.44,154.18,157.28,123877861.0
339,2022-05-09 04:00:00+00:00,154.925,155.83,151.49,152.06,132603947.0
340,2022-05-10 04:00:00+00:00,155.52,156.74,152.93,154.51,124055409.0
341,2022-05-11 04:00:00+00:00,153.5,155.45,145.81,146.5,151719835.0
342,2022-05-12 04:00:00+00:00,142.77,146.2,138.8,142.56,192047663.0
343,2022-05-13 04:00:00+00:00,144.59,148.105,143.11,147.11,114797304.0
344,2022-05-16 04:00:00+00:00,145.55,147.5199,144.18,145.54,91824708.0
345,2022-05-17 04:00:00+00:00,148.86,149.77,146.68,149.24,79304491.0
346,2022-05-18 04:00:00+00:00,146.85,147.3601,139.9,140.82,121266806.0
347,2022-05-19 04:00:00+00:00,139.88,141.66,136.6,137.35,142802096.0
348,2022-05-20 04:00:00+00:00,139.09,140.7,132.61,137.59,147016057.0
349,2022-05-23 04:00:00+00:00,137.79,143.26,137.65,143.11,125077087.0
350,2022-05-24 04:00:00+00:00,140.805,141.97,137.33,140.36,109813351.0
351,2022-05-25 04:00:00+00:00,138.43,141.785,138.34,140.52,99358798.0
352,2022-05-26 04:00:00+00:00,137.39,144.34,137.14,143.78,99878236.0
353,2022-05-27 04:00:00+00:00,145.39,149.68,145.26,149.64,100950098.0
354,2022-05-31 04:00:00+00:00,149.07,150.66,146.84,148.84,121269886.0
355,2022-06-01 04:00:00+00:00,149.9,151.74,147.68,148.71,78943522.0
356,2022-06-02 04:00:00+00:00,147.83,151.27,146.86,151.21,78517901.0
357,2022-06-03 04:00:00+00:00,146.9,147.97,144.46,145.38,94319460.0
358,2022-06-06 04:00:00+00:00,147.03,148.5689,144.9,146.14,74857319.0
359,2022-06-07 04:00:00+00:00,144.345,149.0,144.1,148.71,73477251.0
360,2022-06-08 04:00:00+00:00,148.58,149.8697,147.46,147.96,58484475.0
361,2022-06-09 04:00:00+00:00,147.08,147.95,142.53,142.64,75612751.0
362,2022-06-10 04:00:00+00:00,140.28,140.76,137.06,137.13,101534275.0
363,2022-06-13 04:00:00+00:00,132.87,135.2,131.44,131.88,135261516.0
364,2022-06-14 04:00:00+00:00,133.13,133.89,131.48,132.76,92179405.0
365,2022-06-15 04:00:00+00:00,134.29,137.34,132.16,135.43,101304819.0
366,2022-06-16 04:00:00+00:00,132.08,132.39,129.04,130.06,120184627.0
367,2022-06-17 04:00:00+00:00,130.065,133.079,129.81,131.56,168771047.0
368,2022-06-21 04:00:00+00:00,133.42,137.06,133.32,135.87,91630121.0
369,2022-06-22 04:00:00+00:00,134.79,137.76,133.91,135.35,80880070.0
370,2022-06-23 04:00:00+00:00,136.82,138.59,135.63,138.27,77932990.0
371,2022-06-24 04:00:00+00:00,139.9,141.91,139.77,141.66,110368722.0
372,2022-06-27 04:00:00+00:00,142.695,143.49,140.965,141.66,77728499.0
373,2022-06-28 04:00:00+00:00,142.13,143.422,137.325,137.44,76133876.0
374,2022-06-29 04:00:00+00:00,137.46,140.67,136.67,139.23,71179247.0
375,2022-06-30 04:00:00+00:00,137.25,138.37,133.7737,136.72,114697715.0
376,2022-07-01 04:00:00+00:00,136.04,139.04,135.66,138.93,77594243.0
377,2022-07-05 04:00:00+00:00,137.77,141.61,136.93,141.56,79904746.0
378,2022-07-06 04:00:00+00:00,141.355,144.12,141.08,142.92,78938366.0
379,2022-07-07 04:00:00+00:00,143.29,146.55,143.28,146.35,72731949.0
380,2022-07-08 04:00:00+00:00,145.265,147.55,145.0,147.04,68264699.0
381,2022-07-11 04:00:00+00:00,145.67,146.64,143.78,144.87,69704810.0
382,2022-07-12 04:00:00+00:00,145.76,148.45,145.05,145.86,84620032.0
383,2022-07-13 04:00:00+00:00,142.99,146.45,142.1201,145.49,77731553.0
384,2022-07-14 04:00:00+00:00,144.08,148.95,143.25,148.47,83018114.0
385,2022-07-15 04:00:00+00:00,149.78,150.86,148.2,150.17,86944893.0
386,2022-07-18 04:00:00+00:00,150.74,151.57,146.7,147.07,87239346.0
387,2022-07-19 04:00:00+00:00,147.92,151.23,146.91,151.0,93332247.0
388,2022-07-20 04:00:00+00:00,151.12,153.72,150.37,153.04,70872515.0
389,2022-07-21 04:00:00+00:00,154.5,155.57,151.94,155.35,70606217.0
390,2022-07-22 04:00:00+00:00,155.39,156.28,153.41,154.09,72318038.0
391,2022-07-25 04:00:00+00:00,154.01,155.04,152.28,152.95,57738116.0
392,2022-07-26 04:00:00+00:00,152.265,153.085,150.8,151.6,60764637.0
393,2022-07-27 04:00:00+00:00,152.58,157.33,152.16,156.79,89223566.0
394,2022-07-28 04:00:00+00:00,156.98,157.64,154.41,157.35,86806681.0
395,2022-07-29 04:00:00+00:00,161.24,163.63,159.5,162.51,114785404.0
396,2022-08-01 04:00:00+00:00,161.01,163.59,160.89,161.51,73670876.0
397,2022-08-02 04:00:00+00:00,160.1,162.41,159.63,160.01,63962594.0
398,2022-08-03 04:00:00+00:00,160.84,166.59,160.75,166.13,90300252.0
399,2022-08-04 04:00:00+00:00,166.005,167.19,164.43,165.81,59549979.0
400,2022-08-05 04:00:00+00:00,163.21,165.85,163.0,165.35,61905528.0
401,2022-08-08 04:00:00+00:00,166.37,167.81,164.2,164.87,63810659.0
402,2022-08-09 04:00:00+00:00,164.02,165.82,163.25,164.92,70056143.0
403,2022-08-10 04:00:00+00:00,167.68,169.34,166.9,169.24,77906820.0
404,2022-08-11 04:00:00+00:00,170.06,170.99,168.19,168.49,61943923.0
405,2022-08-12 04:00:00+00:00,169.82,172.17,169.4,172.1,75555239.0
406,2022-08-15 04:00:00+00:00,171.52,173.39,171.345,173.19,58741635.0
407,2022-08-16 04:00:00+00:00,172.78,173.71,171.6618,173.03,60575237.0
408,2022-08-17 04:00:00+00:00,172.77,176.15,172.57,174.55,84217231.0
409,2022-08-18 04:00:00+00:00,173.75,174.9,173.12,174.15,66756106.0
410,2022-08-19 04:00:00+00:00,173.03,173.74,171.3101,171.52,79638699.0
411,2022-08-22 04:00:00+00:00,169.69,169.86,167.135,167.57,76355924.0
412,2022-08-23 04:00:00+00:00,167.08,168.71,166.65,167.23,58090092.0
413,2022-08-24 04:00:00+00:00,167.32,168.11,166.245,167.53,58542963.0
414,2022-08-25 04:00:00+00:00,168.78,170.14,168.35,170.03,56573006.0
415,2022-08-26 04:00:00+00:00,170.57,171.05,163.56,163.62,90147274.0
416,2022-08-29 04:00:00+00:00,161.145,162.9,159.82,161.38,78255530.0
417,2022-08-30 04:00:00+00:00,162.13,162.56,157.72,158.91,82758508.0
418,2022-08-31 04:00:00+00:00,160.305,160.58,157.14,157.22,104165447.0
419,2022-09-01 04:00:00+00:00,156.64,158.42,154.67,157.96,79346064.0
420,2022-09-02 04:00:00+00:00,159.75,160.362,154.965,155.81,83452944.0
421,2022-09-06 04:00:00+00:00,156.47,157.09,153.69,154.53,78705759.0
422,2022-09-07 04:00:00+00:00,154.825,156.67,153.61,155.96,94015457.0
423,2022-09-08 04:00:00+00:00,154.64,156.36,152.68,154.46,91449721.0
424,2022-09-09 04:00:00+00:00,155.47,157.82,154.75,157.37,74228109.0
425,2022-09-12 04:00:00+00:00,159.59,164.26,159.3,163.43,112676884.0
426,2022-09-13 04:00:00+00:00,159.9,160.54,153.37,153.84,135428401.0
427,2022-09-14 04:00:00+00:00,154.785,157.1,153.6106,155.31,95004894.0
428,2022-09-15 04:00:00+00:00,154.65,155.24,151.38,152.37,97514431.0
429,2022-09-16 04:00:00+00:00,151.21,151.35,148.37,150.7,218997344.0
430,2022-09-19 04:00:00+00:00,149.31,154.56,149.1,154.48,87533890.0
431,2022-09-20 04:00:00+00:00,153.4,158.08,153.08,156.9,113203270.0
432,2022-09-21 04:00:00+00:00,157.34,158.74,153.6,153.72,107498655.0
433,2022-09-22 04:00:00+00:00,152.38,154.47,150.91,152.74,92021722.0
434,2022-09-23 04:00:00+00:00,151.19,151.47,148.56,150.43,101813197.0
435,2022-09-26 04:00:00+00:00,149.66,153.7701,149.64,150.77,100616414.0
436,2022-09-27 04:00:00+00:00,152.74,154.72,149.945,151.76,91032702.0
437,2022-09-28 04:00:00+00:00,147.64,150.6414,144.84,149.84,155823686.0
438,2022-09-29 04:00:00+00:00,146.1,146.72,140.68,142.48,137415955.0
439,2022-09-30 04:00:00+00:00,141.28,143.1,138.0,138.2,141390692.0
440,2022-10-03 04:00:00+00:00,138.21,143.07,137.685,142.45,124534891.0
441,2022-10-04 04:00:00+00:00,145.03,146.22,144.26,146.1,96785630.0
442,2022-10-05 04:00:00+00:00,144.075,147.38,143.01,146.4,83933253.0
443,2022-10-06 04:00:00+00:00,145.81,147.54,145.22,145.43,72586982.0
444,2022-10-07 04:00:00+00:00,142.54,143.1,139.445,140.09,95901316.0
445,2022-10-10 04:00:00+00:00,140.42,141.89,138.5729,140.42,80719147.0
446,2022-10-11 04:00:00+00:00,139.9,141.35,138.22,138.98,82627051.0
447,2022-10-12 04:00:00+00:00,139.13,140.36,138.16,138.34,76229576.0
448,2022-10-13 04:00:00+00:00,134.99,143.59,134.37,142.99,121491577.0
449,2022-10-14 04:00:00+00:00,144.31,144.52,138.19,138.38,97254054.0
450,2022-10-17 04:00:00+00:00,141.065,142.9,140.27,142.41,94281241.0
451,2022-10-18 04:00:00+00:00,145.49,146.7,140.61,143.75,103909236.0
452,2022-10-19 04:00:00+00:00,141.69,144.9492,141.5,143.86,66281889.0
453,2022-10-20 04:00:00+00:00,143.02,145.89,142.65,143.39,70436249.0
454,2022-10-21 04:00:00+00:00,142.87,147.8479,142.649,147.27,97497286.0
455,2022-10-24 04:00:00+00:00,147.185,150.23,146.0,149.45,82543225.0
456,2022-10-25 04:00:00+00:00,150.09,152.49,149.36,152.34,82217447.0
457,2022-10-26 04:00:00+00:00,150.96,151.99,148.04,149.35,96231685.0
458,2022-10-27 04:00:00+00:00,148.07,149.046,144.13,144.8,116248070.0
459,2022-10-28 04:00:00+00:00,148.2,157.5,147.82,155.74,174641131.0
460,2022-10-31 04:00:00+00:00,153.155,154.24,151.92,153.34,110376310.0
461,2022-11-01 04:00:00+00:00,155.08,155.45,149.13,150.65,85451780.0
462,2022-11-02 04:00:00+00:00,148.945,152.17,145.0,145.03,101743648.0
463,2022-11-03 04:00:00+00:00,142.06,142.8,138.75,138.88,105214797.0
464,2022-11-04 04:00:00+00:00,142.09,142.67,134.38,138.38,149550241.0
465,2022-11-07 05:00:00+00:00,137.11,139.145,135.671,138.92,89935797.0
466,2022-11-08 05:00:00+00:00,140.41,141.43,137.49,139.5,97268373.0
467,2022-11-09 05:00:00+00:00,138.5,138.55,134.5933,134.87,84442456.0
468,2022-11-10 05:00:00+00:00,141.24,146.87,139.5,146.87,136303919.0
469,2022-11-11 05:00:00+00:00,145.82,150.01,144.37,149.7,103060509.0
470,2022-11-14 05:00:00+00:00,148.97,150.28,147.43,148.28,80885473.0
471,2022-11-15 05:00:00+00:00,152.215,153.59,148.5613,150.04,96306279.0
472,2022-11-16 05:00:00+00:00,149.13,149.87,147.29,148.79,71463063.0
473,2022-11-17 05:00:00+00:00,146.43,151.48,146.15,150.72,86649104.0
474,2022-11-18 05:00:00+00:00,152.305,152.7,149.97,151.29,84106843.0
475,2022-11-21 05:00:00+00:00,150.16,150.37,147.715,148.01,64466896.0
476,2022-11-22 05:00:00+00:00,148.13,150.42,146.925,150.18,58685320.0
477,2022-11-23 05:00:00+00:00,149.45,151.83,149.34,151.07,62774756.0
478,2022-11-25 05:00:00+00:00,148.305,148.88,147.12,148.11,38776713.0
479,2022-11-28 05:00:00+00:00,145.14,146.64,143.38,144.22,78281391.0
480,2022-11-29 05:00:00+00:00,144.29,144.81,140.355,141.17,89801206.0
481,2022-11-30 05:00:00+00:00,141.395,148.72,140.55,148.03,131183862.0
482,2022-12-01 05:00:00+00:00,148.21,149.13,146.61,148.31,78588359.0
483,2022-12-02 05:00:00+00:00,145.96,148.0,145.65,147.81,75015411.0
484,2022-12-05 05:00:00+00:00,147.77,150.9199,145.77,146.63,74981324.0
485,2022-12-06 05:00:00+00:00,147.075,147.3,141.92,142.91,72151911.0
486,2022-12-07 05:00:00+00:00,142.19,143.37,140.0,140.94,77308359.0
487,2022-12-08 05:00:00+00:00,142.36,143.52,141.1,142.65,68832111.0
488,2022-12-09 05:00:00+00:00,142.34,145.57,140.9,142.16,84840144.0
489,2022-12-12 05:00:00+00:00,142.7,144.5,141.06,144.49,78289096.0
490,2022-12-13 05:00:00+00:00,149.5,149.9692,144.24,145.47,102204603.0
491,2022-12-14 05:00:00+00:00,145.35,146.655,141.16,143.21,89974435.0
492,2022-12-15 05:00:00+00:00,141.11,141.8,136.025,136.5,110421981.0
493,2022-12-16 05:00:00+00:00,136.685,137.65,133.73,134.51,220048084.0
494,2022-12-19 05:00:00+00:00,135.11,135.2,131.32,132.37,87427188.0
495,2022-12-20 05:00:00+00:00,131.39,133.25,129.89,132.3,83636668.0
496,2022-12-21 05:00:00+00:00,132.98,136.81,132.75,135.45,95563192.0
497,2022-12-22 05:00:00+00:00,134.352,134.56,130.3,132.23,86659361.0
498,2022-12-23 05:00:00+00:00,130.92,132.415,129.64,131.86,67631560.0
499,2022-12-27 05:00:00+00:00,131.38,131.41,128.72,130.03,74304546.0
500,2022-12-28 05:00:00+00:00,129.67,131.0275,125.87,126.04,90551969.0
501,2022-12-29 05:00:00+00:00,127.99,130.4814,127.73,129.61,81821550.0
502,2022-12-30 05:00:00+00:00,128.41,129.95,127.43,129.93,85865255.0
